beep!	test	test
		
# ------ Upgrades -------		
upgrade_armor_1_01	Armadura de Xapa	Armor decides how long Rusty's life bar is; each level adds another segment to the life bar. With a longer life bar, he can take more damage before he dies. Note that each level should have a 'tougher' name than the one before. 
upgrade_armor_1_02	Armadura de Fluorita	
upgrade_armor_2_01	Armadura de Feldespat	
upgrade_armor_2_02	Armadura d’Acer	
upgrade_armor_3_01	Armadura de Corindó	
upgrade_armor_3_02	Híper Armadura	
upgrade_armor_reduce	Redueix els Danys	
		
upgrade_water_1_01	Tanc Profund	Tank decides how long Rusty's water bar is; each level adds another segment to the water bar. With a longer water bar, he can use special tools longer. Note that each level should have a 'tougher' name than the one before.
upgrade_water_1_02	Tanc Doble	
upgrade_water_2_01	Tanc Gegant	
upgrade_water_2_02	Súper Tanc	
upgrade_water_3_01	Tanc Insondable	
upgrade_water_3_02	Tanc Sense Fons	
upgrade_water_process	Reserva Aigua	
		
upgrade_light_1_01	Llanterna de Carbó	Lantern decides how much time Rusty can spend in the mine before his light dwindles; each level adds another 60 seconds of light. Note that each level should have a 'tougher' name than the one before.
upgrade_light_2_01	Llàntia d’Oli	
upgrade_light_3_01	Ultra Làmpada de Querosè	
		
upgrade_pouch_1_01	Bossa Mitjana	Pouch upgrades decide how many slots Rusty can use in his inventory to store ore he finds; each level opens another another slot. Note that each level should have a name denoting bigger size than the one before it.
upgrade_pouch_1_02	Bossa Grossa	
upgrade_pouch_1_03	Bossa Ben Grossa	
upgrade_pouch_2_01	Bossa Gegant	
upgrade_pouch_2_02	Bossa Monumental	
upgrade_pouch_3_01	Bossa Colossal	
		
upgrade_enable_pickaxe	Pic Antic	
upgrade_pickaxe_pre	Pic Esmolat	Rusty's first and most basic tool. Can be upgraded according to the below. Each upgrade decreases the number of hits you need to break stone. Note that each level should have a 'tougher' name than the one before.
upgrade_pickaxe_1_01	Pic de Coure	
upgrade_pickaxe_1_02	Pic de Bronze	
upgrade_pickaxe_1_03	Pic de Ferro	
upgrade_pickaxe_1_04	Pic d’Acer	
upgrade_pickaxe_2_01	Pic de Tungstè	
upgrade_pickaxe_2_02	Pic de Plata	
upgrade_pickaxe_2_03	Pic d’Or	
upgrade_pickaxe_2_04	Pic de Platí	
upgrade_pickaxe_3_01	Pic de Granat	
upgrade_pickaxe_3_02	Pic de Maragda	
upgrade_pickaxe_3_03	Pic de Robí	
upgrade_pickaxe_3_04	Pic de Diamant	
upgrade_pickaxe_speed_1	Pic Ràpid	Increases the number of times Rusty can swing his pickaxe during a given amount of time. A one time upgrade.
upgrade_pickaxe_damage_1	Pic Dolorós	Increases the amount of damage Rusty's pickaxe inflicts upon enemies. First out of two one-time upgrades
		
upgrade_drill_1_01	Trepant Mestre	Increases the damage Rusty's drill inflicts on dirt tiles. Each name should sound cooler than the one before it.
upgrade_drill_1_02	Trepant-o-tron	
upgrade_drill_2_01	Trepant Estel·lar	
upgrade_drill_2_02	Híper Trepant	
upgrade_drill_efficiency	Hidràulica Millorada	
		
upgrade_punch_1_01	Puny Xuclador	Punch upgrades increase the damage Rusty's steam punch inflicts on dirt tiles and enemies. Each name should sound cooler than the one before it.
upgrade_punch_1_02	Puny Martell	
upgrade_punch_1_03	Puny Assolador	
upgrade_punch_speed	Fluid Hidràulic	
		
upgrade_dynamite	Dinamita	
upgrade_ladder	Escala	Stackable ladders.
upgrade_lamp	Làmpada	Placeable lamps to light up the mine.
upgrade_teleporter	Tele-transportador	
		
upgrade_enable_run	Botes Veloces	Enables Rusty to run fast enough to traverse over sink stones and will let hit jump farther and higher.
upgrade_enable_charge_jump	Salt de Vapor	Will enable Rusty to boost his jump. Drains water reserves when used.
upgrade_enable_dynamite	Dinamita	
upgrade_enable_drill	Trepant	Enables Rusty to drill through a special type of rock not susceptible to other tool. Drains water when used.
upgrade_enable_punch	Puny de Vapor	Enables Rusty to punch through a row of dirt. Force depends on how long you press to load the tool. Drains water when used.
upgrade_enable_jump_double	Salt Doble	Enables Rusty to make a second jump while in the air.
upgrade_fall_dampeners	Amortidors de caiguda	Enables Rusty to survive any fall.
upgrade_static_dash	Embranzida Estàtica	
upgrade_jump_double	Salt Doble	
upgrade_minimap_resources	Detector de Minerals	Will make resources visible on the mini map.
upgrade_chargejump_1	Pressuritzador	
upgrade_locked	Blocat	
		
# ------ Upgrades Desc -------		
upgrade_armor_1_01_desc	+1 vida màxima. \nEnganxaré un parell de peces a aquesta armadura teva. Endurir-la i això.	In-store descriptions for armor upgrades. The instances with the suffix _1 are sold by Cranky; _2 by Biff; _3 by dandy.
upgrade_armor_1_02_desc	+1 vida màxima. \nUn parell de soldadures faran que aquestes peces encaixin millor.	
upgrade_armor_2_01_desc	+1 vida màxima. \nPuc augmentar la protecció d'aquesta armadura trempant el metall, camarada.	
upgrade_armor_2_02_desc	+1 vida màxima. \nAmb un parell de capes d'un metall de més bona qualitat puc endurir molt més la teva armadura.	
upgrade_armor_3_01_desc	+1 vida màxima. \nAquesta armadura s'ha forjat del metall de millor qualitat disponible.	
upgrade_armor_3_02_desc	+1 vida màxima. \nEl metall s'ha plegat diverses vegades fins arribar a ser tan resistent com és humanament possible.	
upgrade_armor_reduce_1_desc	25% resistència als danys. \nRemodelant una mica la teva armadura aquestes besties perdran l’oremus i faran menys danys.	
		
upgrade_water_1_01_desc	+1 aigua màxima. \nPuc ampliar-te aquest tanc d'aigua un xicotet.	In-store descriptions for water tank upgrades. The instances with the suffix _1 are sold by Cranky; _2 by Biff; _3 by dandy.
upgrade_water_1_02_desc	+1 aigua màxima. \nSuposo que podria afegir un altre tanc a la vora del que tens.	
upgrade_water_2_01_desc	+1 aigua màxima. \nUn dels tancs ha d'anar fora, viatger, però segur que podrem encaixar-hi un de més gran.	
upgrade_water_2_02_desc	+1 aigua màxima. \nMés gran sempre és millor. Només he de moure un parell d'andròmines.	
upgrade_water_3_01_desc	+1 aigua màxima. \nRealment no tinc les mides d'aquest. Sembla que no te fí, oi?	
upgrade_water_3_02_desc	+1 aigua màxima. \nEco... eco... eco... Suposo que al cap i a la fi ha de tenir alguna mena de fons.	
upgrade_water_process_1_desc	+50% aigua de les piscines. \nUna solució per segellar i així no perdràs ni una gota d'aigua.	
		
upgrade_light_1_01_desc	+60 segons de duració. \nSi millorem aquest trasto per cremar carbó en comptes de fusta donarà un xicotet més de llum.	In-store descriptions for lantern upgrades. The instances with the suffix _1 are sold by Cranky; _2 by Biff; _3 by dandy.
upgrade_light_2_01_desc	+60 segons de duració. \nOli! És la via cap al futur!	
upgrade_light_3_01_desc	+60 segons de duració. \nAmb els darrers avenços físics, aquesta làmpada et fara brillar com un estel.	
		
upgrade_pouch_1_01_desc	+1 espai a l'inventari. \nNecessitaràs una bossa més grossa si vols portar més botí.	In-store descriptions for pouch upgrades. The instances with the suffix _1 are sold by Cranky; _2 by Biff; _3 by dandy.
upgrade_pouch_1_02_desc	+1 espai a l'inventari. \nAmb una mica d'esforç seràs capaç de portar aquesta bossa.	
upgrade_pouch_1_03_desc	+1 espai a l'inventari. \nAquesta és la bossa més grossa que puc fabricar pel meu compte.	
upgrade_pouch_2_01_desc	+1 espai a l'inventari. \nEspaiós com una diligència.	
upgrade_pouch_2_02_desc	+1 espai a l'inventari. \nEl teixit d'aquesta bossa té una elasticitat incomparable. No hi ha res igual.	
upgrade_pouch_3_01_desc	+1 espai a l'inventari. \nCosit tres vegades i amb doble capa per suportar la més àrdua de les càrregues.	
		
upgrade_pickaxe_pre_desc	Esmolaré aquest pic teu, així podràs cavar sòl més dur.	In-store descriptions for pickaxe upgrades. The instances with the suffix pre or _1 are sold by Cranky; _2 by Biff; _3 by dandy.
upgrade_pickaxe_1_01_desc	+2 mal a terra. \nAlmenys és més robust que el que portes.	
upgrade_pickaxe_1_02_desc	+2 mal a terra. \nAfegint una mica d'estany reforçarem la fulla del pic.	
upgrade_pickaxe_1_03_desc	+2 mal a terra. \nAra, ara sí que portes un bon metall! Agradable i pur.	
upgrade_pickaxe_1_04_desc	+2 mal a terra. \nTemperaré una mica aquesta fulla que tens, t'ajudarà a cavar amb més força.	
upgrade_pickaxe_2_01_desc	+2 mal a terra. \nUn pic robust, llest per un aventurer com tu.	
upgrade_pickaxe_2_02_desc	+2 mal a terra. \nUn nucli d'acer li donarà més pes als teus cops.	
upgrade_pickaxe_2_03_desc	+2 mal a terra. \nMillora el nucli a or pur per donar-li encara més força als teus cops.	
upgrade_pickaxe_2_04_desc	+2 mal a terra. \nDurabilitat és la millor paraula per descriure aquest pic.	
upgrade_pickaxe_3_01_desc	+2 mal a terra. \nDur i esmolat. Ah, i també el tenim en diferents colors.	
upgrade_pickaxe_3_02_desc	+2 mal a terra. \nSempre va bé una millora a l'escala de duresa.	
upgrade_pickaxe_3_03_desc	+2 mal a terra. \nNo només té un color magnífic, també una excel·lent qualitat.	
upgrade_pickaxe_3_04_desc	+2 mal a terra. \nTan dur com una nit d'hivern. I amb la mateixa bellesa atemporal.	
upgrade_pickaxe_speed_1_desc	+20% velocitat. \nAerodinàmica, company! Amb aquest procés el teu pic fins i tot tallarà l'aire, com si fos mantega!	In-store description for the speed upgrade to the pickaxe. Sold by Biff.
upgrade_pickaxe_damage_1_desc	+1 mal a enemics. \nQue vols esmolar la punta del teu pic? Així acabaràs abans amb aquests monstres.	In-store description for enemy damage upgrade for the pickaxe. Sold by Cranky.
		
upgrade_drill_1_01_desc	+4 mal a terra. \nEl Trepant Mestre 3000 és un trepant amb la punta més avançada per destruir terra.	In-store descriptions for drill upgrades. The instances with the suffix _1 are sold by Biff; _2 by Dandy.
upgrade_drill_1_02_desc	+4 mal a terra. \nEl Trepant-o-tron és l'últim i el millor en la tecnologia dels trepants.	
upgrade_drill_2_01_desc	+4 mal a terra. \nEl trepant estel·lar! No accepti cap substitut.	
upgrade_drill_2_02_desc	+4 mal a terra. \nL'Hiper Trepant picarà fins i tot diamants incrustats en platí sense problemes.	
upgrade_drill_efficiency_1_desc	-33% malgast d'aigua del trepant. \nAmb això generaràs menys fricció i t'estalviaràs una mica d'aigua.	Drill will consume only half as much water as before. Sold by Biff.
		
upgrade_punch_1_01_desc	+2 mal a terra, +1 mal a enemics. \nLes pedres ni veuran per on venen els cops. Tot s'hi val a l'amor i a la mina.	In-store descriptions for steam punch upgrades. Sold by Dandy.
upgrade_punch_1_02_desc	+2 mal a terra, +1 mal a enemics. \nAra amb una càrrega més eficient i amb més força.	
upgrade_punch_1_03_desc	+2 mal a terra, +1 mal a enemics. \nNo trobaràs cap altre millora com aquesta en aquesta banda del Rio Grande.	
upgrade_punch_speed_1_desc	+50% velocitat de càrrega. \nAmb la lubricació necessària milloraràs la velocitat de sortida.	Decreases the charge time for the steam punch. Sold by Dandy.
		
upgrade_dynamite_desc	Molt bàsic, la llances on vols que peti. Això sí, intenta que no t’enxampi l’explosió.	In-store description of dynamite. Sold by Cranky.
upgrade_ladder_desc	Sempre és pràctic portar-ne a sobre unes quantes. Fes-les servir per fugir de situacions perilloses!	In-store description of ladder. Sold by Cranky.
upgrade_lamp_desc	Pots marcar un lloc que vulguis mantenir il·luminat amb aquestes làmpades.	In-store description of lamp. Sold by Cranky.
upgrade_teleporter_desc	Andròmines fetes pel Joe. Les feia servir per fer dreceres per tornar a Tumbleton. Prova de fer-los servir si et ve de gust.	In-store description of teleporter. Sold by Cranky.
upgrade_chargejump_desc	-50% malgast d'aigua del salt de vapor. \nAquestes cambres pressuritzades optimitzaran el teu salt de vapor.	In-store description of steam jump upgrade. Sold by Cranky.
		
restore_health	Vida	Will fill up your health bar to max.
restore_health_desc	Un bon tractament per restaurar la teva Vida al màxim.	Cranky's in-store description of the health fill up.
		
buy_failed_too_expensive_Cranky	Noi, no tens calés suficients.	Speaker=Cranky
buy_failed_full_Cranky	Ja en tens prou d’això ara.	Speaker=Cranky
buy_failed_locked_Cranky	Encara he de ajustar una mica més això.	Speaker=Cranky
		
buy_failed_too_expensive_Jack	No puc oferir-te cap descompte, company.	Speaker=Biff
buy_failed_full_Jack	Ja vas ple d’això.	Speaker=Biff
buy_failed_locked_Jack	Una mica per sobre del teu nivell. Potser una altra botiga té alguna cosa més adequada per tu.	Speaker=Biff
		
buy_failed_too_expensive_Dandy	Considero que és un preu just.	Speaker=Dandy
buy_failed_full_Dandy	Oh, mai li vendria més del que pot portar, senyor.	Speaker=Dandy
buy_failed_locked_Dandy	Em sap greu, això no és compatible amb la teva versió. Hauràs de trobar alguna cosa més adient en altres tendes.	Speaker=Dandy
		
#------- Character names -------		
character_unknown	???	Should not be localized.
character_rusty	Rusty	Should not be localized.
character_dorothy	Dorothy	Should not be localized.
character_cranky	Cranky	Should not be localized.
character_lola	Lola	Should not be localized.
character_jack	Biff	Should not be localized.
character_dandy	Dandy	Should not be localized.
character_hola	Hola	Should not be localized.
character_joe	Voltbot	Should not be localized.
		
#------- Banner text -------		
banner_pickup_header	Equipament Obtingut	Text displayed in a banner when Rusty picks up his first pickaxe.
banner_upgrade_header	Tecnologia Assimilada	Text displayed in a banner when Rusty finds new technology upgrades down in caves.
banner_bought_header	Millora Comprada	Text displayed in a banner when an upgrade is bought.
banner_bought_text	%1% Nivell %2%	%1% is upgrade name, %2% is rank (as 2/3); only the word Rank needs to be localized
banner_upgrade_item_header	Objecte Desblocat	Text displayed in a banner when a new item is unlocked in a store.
banner_level_header	Nova Àrea	Text displayed in a banner when Rusty first arrives to an area.
banner_level_archaea	Archaea	Should not be localized
banner_level_tumbleton	Tumbleton	Should not be localized
banner_level_old_world	Old World	Should not be localized
banner_level_vectron	Vectron	Should not be localized
banner_sell_text	Has Obtingut $%1%!	%1% is money amount gained from selling your inventory. Only the word Got should be localized.
banner_upgrade_unlocked	Millora Desblocada!	Text displayed in a banner when a new upgrade is unlocked.
banner_shop_unlocked	Tumbleton Creix!	Text displayed in a banner when a new store is available in town.
expbar_header	Punts Tresor:	Text displayed as headline in the UI for treasure points. This UI pops out when selling resources as they are converted to treasure points that Rusty collects to unlock new items and shops.
banner_new_quest_header	Nova Missió	Text displayed in a banner when a new undefined quest is set to in-progress.
exp_bar_level	Nivell:	Displayed in the treasure points UI in fornt of the amount indicator of treasure points gathered. 
exp_bar_next_level	Següent:	Text in the Treasure poits UI denoting how many points to next level, when new items will be unlocked.
found_secret	Àrea Secreta!	Displayed in a banner when Rusty finds a secret area in the mine.
		
# ------ Quest Banners		
banner_quest_return	Tornar a la Ciutat	Displayed in a banner when the quest is to return to town.
banner_quest_pickaxe	Troba a l’oncle Joe	Displayed in a banner when Rusty gets a specific quest to go see the dead body of his uncle Joe.
banner_quest_lever	Troba una palanca	Displayed in a banner when Rusty gets a specific quest to go pull a lever to open a door.
banner_quest_mining	Excava Minerals	Displayed in a banner when Rusty gets a specific quest to go and try mining ore for the first time.
banner_quest_sell	Vendre Botí	Displayed in a banner when Rusty gets a specific quest to go sell the ore he found on the above quest.
banner_quest_explore	Explorar la Cova	Displayed in a banner when Rusty gets a specific quest to go explore a cave.
banner_quest_explore2	Explora les Profunditats	Displayed in a banner when Rusty has finished the last quest of a world and should enter the next one; before he knows the name of that world.
banner_quest_explore3	Continua Explorant	Displayed in a banner when Rusty has found an upgrade in Old World but is not forced to go up to town to get his next quest.
banner_quest_oldworld	Explora l’Antic Món	Displayed in a banner when Rusty gets a quest to explore old world.
banner_quest_vectron	Explora Vectron	Displayed in a banner when Rusty gets a quest to explore Vectron
banner_quest_boss	Atacar	Displayed in a banner when Rusty is able to damage the boss in the final show down.
banner_quest_bossdoor	Entrar per la Porta	Displayed in a banner when Rusty is able to enter the final boss room.
banner_quest_generator	Destruir el Generador	Displayed in a banner when Rusty should go and destroy the generators.
		
#------- Menu items -------		
ui_back	Tornar a la Ciutat	Displayed on a button that will take you back in the UI.
ui_self_destruct	Autodestruir	Displayed on a button that will kill Rusty so he will re-spawn in town. Used if player gets stuck.
ui_options	Opcions	Displayed on a button that will take you to the Options menu.
effectsvolume	Efectes de Só	Heading over the slider in the options menu.
musicvolume	Volum de la Música	Heading over the slider in the options menu.
ui_restart_demo	Reiniciar Demo	Only shown in the Demo Mode, instead of ui_main_menu.
ui_confirm_restart_demo	Segur que vols reiniciar?	Is displayed to warn the player of the consequences of restarting the demo.
ui_main_menu	Menú Principal	Displayed on a button that will take you to the main menu.
ui_continue	Continuar	Displayed on a button that will take you to the next step in a given circumstance.
ui_paused	Pausat	Displayed when the game is paused.
ui_game_over_info	T’han destruït.\nCostos de reparació: $%1% (50%%)	Shown in a text box when having died, informs the player about there being a fee for being reconstructed.
ui_game_over_continue	Continuar	Is displayed on a button that will let you play again after Rusty dies. The A: signifies which button to press if not using the touch screen.
ui_game_over_try_again	Tornar a intentar-ho	Is displayed on a button that will let you play again after Rusty dies in a level, pressing it restarts the level. The A: signifies which button to press if not using the touch screen.
ui_confirm_self_destruct	Segur que vols autodestruir-te i pagar per tornar a Tumbleton?	Is displayed to warn the player of the consequences of using the selfdestruct button in the mine.
ui_confirm_self_destruct_cave	Segur que vols autodestruir-te i reiniciar el nivell?	Is displayed to warn the player of the consequences of using the selfdestruct button in a cave.
ui_confirm_main_menu	Segur que vols sortir? Tot el progrés no desat es perdrà.	Is displayed to warn the player of the consequences of quitting the game.
ui_confirm_buy_upgrade	Vols comprar %1%?\nCalés: %2%, Esferes: %3%	%1% is name of upgrade, %2% is cost in Cash, %3% is cost in orbs
ui_saved_game	Progrès Desat	On screen text when the game auto saves.
ui_press_x_again_to_skip_conversation	Prem X un altre cop per saltar aquesta conversa.	Tells the player that hitting the X button one more time will skip a dialogue in progress.
ui_conversation_name_separator	: 	Separator between name of character and the text they're saying. No additional spaces added.
ui_conversation_ellipsis_start	... 	Added at the start of text that continues from a previous page. No additional spaces added.
ui_conversation_ellipsis_end	 ...	Added at the end of text that will continue on the next page. No additional spaces added.
ui_exitshop	Sortir	Displayed on a button that makes you leave the shop UI.
ui_buyitem	Comprar	Displayed on a button that makes you buy an item in the shop UI.
menu_slot_0_number	Espai A	First slot of saved games in the start menu.
menu_slot_1_number	Espai B	second slot.
menu_slot_2_number	Espai C	third slot.
menu_play	Jugar	Displayed on a button that confirms the save game slot selected to be played.
menu_start	Començar	Displayed on a button that starts the game once it has been opened from the 3DS menu.
menu_press_x_to_skip	Prem X ara per saltar.	tells the player that hitting the X button one more time will skip though a menu
message_yes	Sí	Displayed on a confirm button
message_no	No	Displayed on a discard button
message_question	Segur que vols esborrar aquesta partida?	An extra warning for players hitting the erase button.
		
#------- Stats screen ------		
menu_stats_title	~Estadístiques~	Title showed in stats screen (lower screen during end game credits), should fit on one line
menu_stat_time	Temps:	As in how long it took to finish the game
menu_stat_gold	Calés Totals:	As in total cash collected during play through
menu_stat_orbs	Esferes Totals:	As in total orbs collected during play through
menu_stat_deaths	Morts:	As in total times died during play through
		
#------- Inventory ------		
inventory_no_selection	Cap espai seleccionat	
inventory_slot_locked	Espai blocat	
inventory_slot_empty	Espai buit	
inventory_slot_format	%1%: $%2% (Total: $%3%)	%1% will be item name, %2% will be item value, %3% will be total value of stack
inventory_slot_format_gem	%1%: $%2%	%1% will be item name, %2% will be item value. Used for gems, since they cannot stack
inventory_haul	Valor total:	
inventory_depth	Profunditat:	
		
#------- Resources -----		
		
resource_ore_trashium	Escombrarium	
resource_ore_copper	Coure	
resource_ore_ironium	Ferrinium	
resource_ore_silver	Atzer	
resource_ore_dolomite	Dolomita	
resource_ore_bronzite	Bronzita	
resource_ore_chocolotite	Xocolatita	
resource_ore_galena	Galena	
resource_ore_gold	Or	
resource_ore_biotite	Bioita	
resource_ore_obsidian	Obsidiana	
resource_ore_lazurite	Lazurita	
resource_ore_uranium	Urani	
resource_ore_beryllium	Berili	
resource_ore_red_gold	Or Vermell	
resource_ore_purpletite	Porpratita	
resource_ore_ambrium	Ambrium	
resource_ore_meteorrock	Roca Meteor	
resource_ore_unobtanium	Inobteniblum	
resource_ore_gravitonium	Gravitoni	
resource_ore_darkmatter	Matèria Fosca	
		
resource_crystal_citrine	Citrí	
resource_crystal_quartz	Quars	
resource_crystal_amethyst	Ametista	
resource_crystal_avenyurine	Avenurina	
resource_gem_zoisite	Zoisita	
resource_gem_topaz	Topazi	
resource_gem_emerald	Maragda	
resource_gem_ruby	Robí	
resource_gem_diamond	Diamant	
		
#------- World text -------		
inventory_full	Sense Espai!	An on screen text displayed when close to a resource while having no more room in the inventory pouch.
buildings_max	Massa!	
buildings_out_of_stock	Me’n vaig!	
buildings_not_here	Aquí no!	
lamps_too_close	Massa a prop!	An on screen text displayed when trying to place lamps too close to each other.
light_time_depleted	Necessito llum...	An on screen text displayed when light is completely depleted.
resource_pickup	%1% ($%2%)	%1% is resource name, %2% is value; controlled by other text so does not have to be localized.
need_water	Necessito Aigua...	An on screen text displayed when trying to use tools that consume water when water supply is depleted.
		
# ------ Conversation response buttons		
next	Següent	Displayed on a button that will skip to the next part of a dialogue in progress.
		
# ------ Indicator text		
dig_text	Cavar	Displayed in combination with on-screen graphics explaining how to dig.
run_text	Córrer	Displayed in combination with on-screen graphics explaining how to run.
runjump_text	Córrer + Saltar	Displayed in combination with on-screen graphics explaining how to run-jump.
chargejump_text	Salt de Vapor	Displayed in combination with on-screen graphics explaining how to charge jump.
drill_text	Trepant	Displayed in combination with on-screen graphics explaining how to use the drill.
toggle_kit_text	Rotar Equipament	Displayed in combination with on-screen graphics explaining how to switch items in use.
walljump_text	Salt de Paret	Displayed in combination with on-screen graphics explaining how to jump up along walls.
doublejump_text	Embranzida Estàtica	Displayed in combination with on-screen graphics explaining how to use the double jump upgrade.
		
# ------ DEATH DIALOGUE.		
death_fallback_00	Ai, ai, ai.	Speaker=Lola; This is an approximation of the smacking sound one makes to show that someone has done something wrong. All death dialogue is used to give tips on how to better handle, whatever killed you, the next time you encounter it.
death_fallback_01	Hauries d’anar més amb compte, saps?	Speaker=Lola
		
death_first_00	Bé, suposo que no sempre va tot com ho planejem.	Speaker=Lola
death_first_01	Però en Cranky ha aconseguit tornar a muntar-te.	Speaker=Lola
death_first_02	Va demanar peces noves i tot.	Speaker=Lola
death_first_03	I no eren precisament barates. T’ha cobrat una petita taxa de muntatge.	Speaker=Lola
		
death_crush_00	Vés amb compte quan cavis, tigre.	Speaker=Lola
death_crush_01	Pot ser difícil veure els perills que hi ha avall si et queda poca llum.	Speaker=Lola
death_crush_02	Torna a la superfície per omplir la teva font de llum.	Speaker=Lola
death_crush_03	Aquests blocs aixafaran qualsevol cosa que hi hagi al seu camí.	Speaker=Lola
death_crush_04	Vigila per on camines.	Speaker=Lola
		
death_fall_00	No vagis saltant per penya-segats sense vigilar. Millor llisca per les parets per no fer-te mal.	Speaker=Lola
death_fall_01	Només pots caure per una distància petita abans de prendre mal.	Speaker=Lola
death_fall_02	Si et trenques allà avall sempre pots tornar després i agafar el que se’t va caure.	Speaker=Lola
death_fall_03	Sempre és una bona idea omplir tota la teva vida abans de tornar a la foscor.	Speaker=Lola
		
death_suicide_00	Si no pots portar tot el que mines assegurat de tornar i agafar-ho més endavant.	Speaker=Lola
death_suicide_01	L’aigua és una cosa bona a cercar si et quedes atrapat. Potser t’ajuda a sortir.	Speaker=Lola
death_suicide_02	Algunes d’aquestes noves habilitats que has obtingut poden ajudar-te a tornar d’una peça.	Speaker=Lola
death_suicide_03	Cavar més avall pot ajudar-te a tornar també.	Speaker=Lola
death_suicide_04	Si la terra costa molt de cavar potser et va bé millorar el pic.	Speaker=Lola
death_suicide_05	Sempre pots tornar per túnels verticals i cavar un altre camí.	Speaker=Lola
		
death_enemy_acidblock_00	Intenta picar els blocs perillosos per costats diferents.	Speaker=Lola
death_enemy_acidblock_01	Si vols evitar l’àcid hauràs de calcular els temps perfectament.	Speaker=Lola
death_enemy_acidblock_02	Alguns dels monstres més avall es menjaran el terra i el metall.	Speaker=Lola
death_enemy_acidblock_03	Els Brillants es cremaran tan com tu amb l’àcid.	Speaker=Lola
		
death_enemy_ACID_POOL_00	Els monstres es faran tan mal com tu amb això.	Speaker=Lola
death_enemy_ACID_POOL_01	Pots aguantar una mica d’àcid però tampoc t’hi fiquis de quatre potes.	Speaker=Lola
		
death_enemy_trilobite_00	Les criatures poden deixar caure coses útils quan les mates.	Speaker=Lola
death_enemy_trilobite_01	Un noi fort com tu pot desfer-se’n sense cap problema amb el pic.	Speaker=Lola
death_enemy_trilobite_02	Hauries d’arribar sempre a les criatures abans de que surtin del seu bloc.	Speaker=Lola
death_enemy_trilobite_03	Si les segueixes i les colpeges per darrera hi ha més possibilitats de que no et facin mal.	Speaker=Lola
death_enemy_trilobite_04	Pots fer servir l’alçada per evitar els camins perillosos.	Speaker=Lola
death_enemy_trilobite_05	Fer un forat entre tu i les criatures és llarg però més segur.	Speaker=Lola
		
death_ENEMY_TURTLE_BASE_00	Necessites molt espai per encarregar-te d’aquests monstres sense prendre mal.	Speaker=Lola
death_ENEMY_TURTLE_BASE_01	És millor allunyar-se d’aquests dimonis amb closca si es pot.	Speaker=Lola
death_ENEMY_TURTLE_BASE_02	Però vés amb compte de no trobar-te’ls quan pugis.	Speaker=Lola
death_ENEMY_TURTLE_BASE_03	Sempre pots desfer-te’n directament si tens vida suficient.	Speaker=Lola
		
death_enemy_shiner_00	Sí no fas soroll potser els pots atrapar mentre dormen.	Speaker=Lola
death_enemy_shiner_01	No són gaire «brillants» aquests Brillants. No és gens difícil preparar-los un parany.	Speaker=Lola
		
death_enemy_boozer_00	Allunya’t de les ampolles, noi.	Speaker=Lola
death_enemy_boozer_01	Són durs de pelar aquests Alcohòlics. Intenta enxampar-los per sota.	Speaker=Lola
death_enemy_boozer_02	Potser pots cavar el terra que tenen a sota aquests Alcohòlics.	Speaker=Lola
death_enemy_boozer_03	Tenen cames dèbils els Alcohòlics. Intenta cavar el terra que tinguin a sota.	Speaker=Lola
		
death_enemy_barrel_00	Si colpeges les bótes explosives i corres potser podràs controlar l’explosió.	Speaker=Lola
death_enemy_barrel_01	No t’acostis gaire a aquestes bótes.	Speaker=Lola
death_enemy_barrel_02	He notat com tremolava el terra des d’aquí.	Speaker=Lola
death_enemy_barrel_03	Si hi ha moltes bótes a prop quan una explota potser es genera una reacció en cadena.	Speaker=Lola
		
death_enemy_spike_00	Pots cavar aquestes punxes per sota.	Speaker=Lola
death_enemy_spike_01	Pot ser complicat veure-les, assegura’t de portar sempre llum suficient.	Speaker=Lola
		
death_enemy_turret_00	Sembla que no podràs amagar-te per evitar les torretes.	Speaker=Lola
death_enemy_turret_01	Tracta d’excavar-les.	Speaker=Lola
		
death_enemy_vectron_minion_00	Sembla que són força agressius. Potser ets capaç d’utilitzar la seva agressivitat contra ells.	Speaker=Lola
death_enemy_vectron_minion_01	Quan comencen a xiular es millor fugir.	Speaker=Lola
death_enemy_vectron_minion_02	Potser pots llançar-los dinamita.	Speaker=Lola
		
death_barrier_00	Llum nociva! A qui carai se li va ocórrer?	Speaker=Lola
		
death_laser_box_00	Tracta de colpejar el cap. A veure que passa.	Speaker=Lola
death_laser_box_01	Sembla que és millor allunyar-se del seu camp de visió.	Speaker=Lola
		
# ------ FALLBACK CONVERSATIONS.		
Dorothy_fallback_01	Esperaré aquí a veure si trobo una sortida.	Speaker=Dorothy
		
Cranky_fallback_01	*Hrm*	Speaker=Cranky; The * symbol denotes that the text is a sound and not spoken. E.g. a Sigh sound.
		
Cranky_fallback_20	*Hrm*	Speaker=Cranky
Cranky_fallback_21	Aleshores, que vols?	Speaker=Cranky
Cranky_fallback_22	Si ho has trencat, ho has comprat 	Speaker=Cranky
Cranky_fallback_23	Déu vos guard.	Speaker=Cranky
Cranky_fallback_24	Compraràs alguna cosa o no?	Speaker=Cranky
Cranky_fallback_25	He construït tot això amb les meves mans.	Speaker=Cranky
		
Lola_fallback_01	Quant de temps, noi.	Speaker=Lola
		
Biff_fallback_00	On es el vagó de benvinguda, camarada?	Speaker=Biff
Biff_fallback_01	Biff ha tornat! Yihaa!	Speaker=Biff
Biff_fallback_02	No havia tornat aquí des que era petit. Però ara corren temps més difícils.	Speaker=Biff
Biff_fallback_03	Diuen que has portat una petita renaixença amb tu, noi.	Speaker=Biff
Biff_fallback_04	Biff Beacon va on sigui que hi hagi calés.	Speaker=Biff
		
Biff_fallback_20	Què voldràs, camarada?	Speaker=Biff
Biff_fallback_21	Preus baixos, baixos.	Speaker=Biff
Biff_fallback_22	No cal que regategis. Tot ja està descomptat.	Speaker=Biff
Biff_fallback_23	Cerqui tot el que vulgui, senyor.	Speaker=Biff
Biff_fallback_24	No ho trobaràs més barat.	Speaker=Biff
Biff_fallback_25	Qui diu que la qualitat té un preu?	Speaker=Biff
		
Dandy_fallback_00	Benvingut estimat client.	Speaker=Dandy
Dandy_fallback_01	Crec que heu estat malgastant calés sense tenir alternatives comercials adequades.	Speaker=Dandy
Dandy_fallback_02	No es preocupi, company.	Speaker=Dandy
Dandy_fallback_03	Busca bones mercaderies i un servei impecable? \nDandy Alexander és l’home adient.	Speaker=Dandy
Dandy_fallback_04	Ja era hora que algú portés una mica de classe a aquesta ciutat.	Speaker=Dandy
Dandy_fallback_05	No creus?	Speaker=Dandy
		
Dandy_fallback_20	Benvingut estimat client.	Speaker=Dandy
Dandy_fallback_21	Faci una ullada a les nostres mercaderies.	Speaker=Dandy
Dandy_fallback_22	Veient que és aquí, a la meva botiga, suposo que té un gust impecable.	Speaker=Dandy
Dandy_fallback_23	Cercant les bones coses de la vida, suposo?	Speaker=Dandy
Dandy_fallback_24	El veritable valor d’un objecte no es troba mai al cost de construcció.	Speaker=Dandy
Dandy_fallback_25	Observi tot tant com cregui necessari.	Speaker=Dandy
		
		
# ------ RUSTY ENTERS MINE AND TALKS TO JOE'S CORPSE.		
Rusty_enter_mine_01	*UMPH*	Speaker=Rusty
Rusty_enter_mine_02	Bé, no crec que pugui sortir per on he vingut.	Speaker=Rusty
Rusty_enter_mine_03	Podria ser part de la mina del meu oncle, suposo. Només li cal una repassada.	Speaker=Rusty
Rusty_enter_mine_04	Millor explorar-la abans que se m’acabi la llum.	Speaker=Rusty
		
Dorothy_in_mine_00	Ep! Que dimonis et penses que fas?	Speaker=Dorothy
Dorothy_in_mine_01	La teva entrada dramàtica ha fet que s’ensorri el sostre.	Speaker=Dorothy
		
Dorothy_in_mine_03	Em sap greu, senyoreta.	Speaker=Rusty
Dorothy_in_mine_04	El meu oncle em va enviar la cessió d’aquesta mina.	Speaker=Rusty
Dorothy_in_mine_05	Tot just anava cap a Tumbleton per conèixer el perquè, quan he caigut.	Speaker=Rusty
		
Dorothy_in_mine_06	Oh... \nEts el nebot d’en Joe?	Speaker=Dorothy
Dorothy_in_mine_07	Va marxar fa temps. \nHe estat venint aquí d’amagatotis per minar una mica i...	Speaker=Dorothy
Dorothy_in_mine_08	Bé, l’he trobat.	Speaker=Dorothy
Dorothy_in_mine_09	Em sap greu...	Speaker=Dorothy
Dorothy_in_mine_10	Hauries d’anar a veure’l tu mateix.	Speaker=Dorothy
Dorothy_in_mine_11	Em quedaré per aquí a veure si trobo una sortida.	Speaker=Dorothy
		
dead_miner_01	Feia temps que no ens veiem, oncle. Perdona’m per no haver arribat abans que ens deixessis.	Speaker=Rusty
dead_miner_02	Sempre deies que ens assemblàvem? \nPerò no puc entendre perquè em vas cedir la mina.	Speaker=Rusty
dead_miner_03	No sóc cap miner.	Speaker=Rusty
dead_miner_04	*Aix* \nBé, no m’agrada prendre’t el botí.	Speaker=Rusty
dead_miner_05	Potser amb el teu pic puc sortir d’aquest calabós	Speaker=Rusty
		
Dorothy_in_mine_12	Veig que has trobat un pic. \nAra sembles un miner com cal.	Speaker=Dorothy
Dorothy_in_mine_13	Això és bo. El lloc on és la palanca que obre la porta s’ha ensorrat quan has caigut.	Speaker=Dorothy
Dorothy_in_mine_14	Hauràs de fer un petit túnel per poder arribar-hi.	Speaker=Dorothy
		
Dorothy_in_mine_15	Hauràs de cavar un petit túnel cap a la palanca per poder treure’ns d’aquí.	Speaker=Dorothy
		
# ------ DOROTHY TELLS YOU TO OPEN UP THE MINE AGAIN.		
Pre_Dorothy1_00	T’has encarregat d’aquella mina com un professional.	Speaker=Dorothy
Pre_Dorothy1_01	Veient que ets el nou propietari i tot això potser hauries de deixar-la oberta.	Speaker=Dorothy
Pre_Dorothy1_02	Porta qualsevol mineral que trobis cap aquí i et recompensaré com cal.	Speaker=Dorothy
Pre_Dorothy1_03	A la ciutat li vindria bé.	Speaker=Dorothy
Pre_Dorothy1_04	Per cert, sóc la Dorothy.	Speaker=Dorothy
Pre_Dorothy1_05	I ara, per què no tractes de minar unes quantes pedres precioses?	Speaker=Dorothy
		
Pre_Dorothy1_20	Què tens per mi?	Speaker=Dorothy
Pre_Dorothy1_21	Has trobat alguna cosa bona?	Speaker=Dorothy
Pre_Dorothy1_22	Segueix minant tant com puguis.	Speaker=Dorothy
		
Pre_Cranky1_00	Els meus amics em diuen Hank, o Cranky... \nPots dir-me Sr. McCrank.	Speaker=Cranky
Pre_Cranky1_01	Segur que voldràs un pic millor.	Speaker=Cranky
Pre_Cranky1_02	Bé, no tenim gairebé recursos. Amb la mina tancada i tot.	Speaker=Cranky
		
Pre_Cranky1_20	Si anés a obrir la botiga un altre cop...	Speaker=Cranky
Pre_Cranky1_21	Necessitaria uns quants recursos.	Speaker=Cranky
		
Pre_Lola1_00	Està bé veure una cara nova a la ciutat. Especialment una de tant maca.	Speaker=Lola
Pre_Lola1_01	No tenim gaires nouvinguts. La gent s’estima més girar cua.	Speaker=Lola
Pre_Lola1_02	O sigui! Tu ets el nou miner.	
Pre_Lola1_03	Em sap greu que en Joe hagi marxat del tot. No feia bona cara des de fa temps.	
Pre_Lola1_04	Ets un noi silenciós com ell, eh?	Speaker=Lola
Pre_Lola1_05	Bé, no em fa res portar la conversa.	Speaker=Lola
		
Pre_Lola1_20	Està bé veure una cara nova a la ciutat.	Speaker=Lola
		
# ------ YOU CAN NOW UPGRADE YOUR PICKAXE.		
Pre_Dorothy2_00	Sembla que ja t’estàs acostumant.	Speaker=Dorothy
Pre_Dorothy2_01	Hauries d’anar a veure el meu pare a la botiga de millores.	Speaker=Dorothy
Pre_Dorothy2_02	Arreglarà el teu pic i així podràs cavar sól més dur.	Speaker=Dorothy
Pre_Dorothy2_03	Però no cal que li diguis que m’has vist a la mina abans, eh.	Speaker=Dorothy
		
Pre_Dorothy2_20	Ves a parlar amb el meu pare sobre el teu pic.	Speaker=Dorothy
		
Pre_Cranky2_00	Ara sí que tinc material per treballar.	Speaker=Cranky
		
Pre_Lola2_00	O sigui que et quedaràs?	Speaker=Lola
Pre_Lola2_01	Que bé!	Speaker=Lola
		
Pre_Lola2_20	És bo tenir un miner aquí de nou.	Speaker=Lola
		
# ------ USE YOUR NEW PICKAXE AND EXPLORE THE FIRST CAVE.		
conv_Tumbleton_Dorothy1_00	Aquest pic et permetrà cavar sól més dur i més profund.	Speaker=Dorothy
conv_Tumbleton_Dorothy1_01	Quan estava cercant minerals també vaig trobar un altre cosa... Una cova.	Speaker=Dorothy
conv_Tumbleton_Dorothy1_02	Potser hauries de fer una ullada. En Joe portava un munt de coses allà.	Speaker=Dorothy
conv_Tumbleton_Dorothy1_03	Però vés amb compte.	Speaker=Dorothy
conv_Tumbleton_Dorothy1_04	Criatures de tota mena s’han revolucionat una mica allà des que va marxar.	Speaker=Dorothy
		
conv_Tumbleton_Dorothy1_20	Mantenir la mina oberta ajudarà de debò la ciutat.	Speaker=Dorothy
conv_Tumbleton_Dorothy1_21	De ben segur créixer li anirà bé.	Speaker=Dorothy
conv_Tumbleton_Dorothy1_22	Has pogut fer una ullada a la cova que vaig trobar?	Speaker=Dorothy
conv_Tumbleton_Dorothy1_23	Què portes per mi?	Speaker=Dorothy
conv_Tumbleton_Dorothy1_24	Has trobat alguna cosa bona?	Speaker=Dorothy
		
conv_Tumbleton_Cranky1_00	O sigui que mantindràs la mina del teu oncle oberta? És un lloc perillós.	Speaker=Cranky
conv_Tumbleton_Cranky1_01	Vaig perdre la meva cama per un Brillant, mentre reparava una canonada als túnels.	Speaker=Cranky
conv_Tumbleton_Cranky1_02	Suposo que podria arreglar-me pel meu compte però...	Speaker=Cranky
conv_Tumbleton_Cranky1_03	Com dèiem al poble, el constructor viu a la casa més mal feta.	Speaker=Cranky; An old Scottish saying meaning: The shoemaker's children are the one's with the worst shoes. This means that if someone does something for a living they are usually quite bad at getting those things done at home.
conv_Tumbleton_Cranky1_04	Tot i això som una ciutat minera. No podem progressar sense una mina.	Speaker=Cranky
		
# ------ YOU FOUND SOME SPEED BOOTS IN THE CAVE.		
conv_Tumbleton_Dorothy2_00	Caram! Què és això que duus als peus?	Speaker=Dorothy
conv_Tumbleton_Dorothy2_01	No havia vist mai una cosa semblant.	Speaker=Dorothy
conv_Tumbleton_Dorothy2_02	Les has trobat a la cova? Creus que en Joe les va deixar per tu?	Speaker=Dorothy
conv_Tumbleton_Dorothy2_03	Potser hi ha més coves més avall a la mina?	Speaker=Dorothy
conv_Tumbleton_Dorothy2_04	Les hi has ensenyat al meu pare? Hauries de fer-ho.	Speaker=Dorothy
		
conv_Tumbleton_Dorothy2_20	La millor taxa d’intercanvi de tota la ciutat. Bé, també l’única.	Speaker=Dorothy
conv_Tumbleton_Dorothy2_21	Trobaràs més minerals com més profund arribis.	Speaker=Dorothy
conv_Tumbleton_Dorothy2_22	Què tens per mi?	Speaker=Dorothy
conv_Tumbleton_Dorothy2_23	Has trobat alguna cosa bona?	Speaker=Dorothy
		
conv_Tumbleton_Cranky2_00	O sigui, que has trobat una de les coves d’en Joe, oi?	Speaker=Cranky
conv_Tumbleton_Cranky2_01	No sé quines coses antinaturals planejava allà avall.	Speaker=Cranky
conv_Tumbleton_Cranky2_02	Dents i vapor, és l’únic que entenc. Manipulava coses molt estranyes, molt.	Speaker=Cranky
conv_Tumbleton_Cranky2_03	A vegades li deixava desar una mica a la meva botiga. Coses estranyes i brillants.	Speaker=Cranky
conv_Tumbleton_Cranky2_04	Però normalment el veia desar-ho a una cova que tenia a les profunditats.	Speaker=Cranky
		
conv_Tumbleton_Lola2_00	Caram, aquestes botes que portes son molt bones.	Speaker=Lola
conv_Tumbleton_Lola2_01	Segur que ets tan ràpid com un engranatge ben engreixat mentre les portes posades.	Speaker=Lola
		
conv_Tumbleton_Lola2_20	Són estranyes, però certament bones.	Speaker=Lola
		
# ------ YOU'VE FOUND THE CHARGE JUMP IN THE SECOND CAVE.		
conv_Tumbleton_Dorothy3_00	Digues, has trobat més tecnologia estranya?	Speaker=Dorothy
conv_Tumbleton_Dorothy3_01	És curiós com encaixa perfectament amb tu.	Speaker=Dorothy
conv_Tumbleton_Dorothy3_02	Com si estigués feta a mida.	Speaker=Dorothy
		
conv_Tumbleton_Dorothy3_20	Tornes a la llum?	Speaker=Dorothy
conv_Tumbleton_Dorothy3_21	Veig que treballes de valent.	Speaker=Dorothy
conv_Tumbleton_Dorothy3_22	Què tens per mi?	Speaker=Dorothy
conv_Tumbleton_Dorothy3_23	Has trobat alguna cosa bona?	Speaker=Dorothy
		
conv_Tumbleton_Cranky3_00	Has anat allà avall? *Hrm*	Speaker=Cranky
conv_Tumbleton_Cranky3_01	Tossut, just com el teu oncle. Sempre feia el que volia fer.	Speaker=Cranky
conv_Tumbleton_Cranky3_02	Bé, si no puc dissuadir-te t’ajudaré a esbrinar alguna cosa.	Speaker=Cranky
conv_Tumbleton_Cranky3_03	No vull que la meva filla s’hagi d’encarregar de la feina d’un altre miner perdut.	Speaker=Cranky
		
conv_Tumbleton_Lola3_00	El poc temps que en Joe passava a la superfície se’l passava al bar.	Speaker=Lola
conv_Tumbleton_Lola3_01	Generalment tot sol. Fent gargots a la seva llibreta.	Speaker=Lola
conv_Tumbleton_Lola3_02	He trobat aquest tovalló on va fer un dibuix.	Speaker=Lola
conv_Tumbleton_Lola3_03	Sembla un mapa, oi? També sembla que hi ha alguna cosa marcada.	Speaker=Lola
		
conv_Tumbleton_Lola3_20	Ja has tingut l’oportunitat de mirar el que sigui que hi ha al mapa?	Speaker=Lola
		
# ------ YOU FOUND THE DRILL		
conv_Tumbleton_Dorothy4_00	Apa! Aquest trepant sembla molt potent. Prou potent per a cavar sòl molt dur.	Speaker=Dorothy
conv_Tumbleton_Dorothy4_01	Creus que això és el que en Joe volia que fessis?	Speaker=Dorothy
conv_Tumbleton_Dorothy4_02	Travessar la base de la mina per arribar a Old World.	Speaker=Dorothy
conv_Tumbleton_Dorothy4_03	Segur que hi ha moltes riqueses allà avall.	Speaker=Dorothy
conv_Tumbleton_Dorothy4_04	Només hi ha Brillants allà. No crec que tinguin cap noció de què és una riquesa.	Speaker=Dorothy
conv_Tumbleton_Dorothy4_05	Això podria significar una febre de l’or a Tumbleton.	Speaker=Dorothy
		
conv_Tumbleton_Dorothy4_20	Encara no has arribat a Old World?	Speaker=Dorothy
conv_Tumbleton_Dorothy4_21	Et donaré un preu just per qualsevol cosa que cavis.	Speaker=Dorothy
conv_Tumbleton_Dorothy4_22	Deu ser apassionant anar tan profund, oi?	Speaker=Dorothy
conv_Tumbleton_Dorothy4_23	Aquests Brillants no ens espanten, no senyor!	Speaker=Dorothy
		
conv_Tumbleton_Cranky4_00	Algunes parts d’aquest trepant em són familiars; et caldrà vapor.	Speaker=Cranky
conv_Tumbleton_Cranky4_01	La resta de parts s’allunyen de tot el que havia vist mai.	Speaker=Cranky
conv_Tumbleton_Cranky4_02	Suposo que en Joe va agafar idees d’Old World.	Speaker=Cranky
conv_Tumbleton_Cranky4_03	Ja va dir que els Brillants van ser molt llestos en temps antics...	Speaker=Cranky
conv_Tumbleton_Cranky4_04	Abans que es carreguessin el planeta, clar.	Speaker=Cranky
		
conv_Tumbleton_Lola4_00	Mai li va caldre gaire companya el vell Joe.	Speaker=Lola
conv_Tumbleton_Lola4_01	Aquests darrers anys els passava a la mina tot el dia.	Speaker=Lola
conv_Tumbleton_Lola4_02	Però sovint no portava res a la superfície.	Speaker=Lola
conv_Tumbleton_Lola4_03	Com si hi hagués coses que atreien la seva atenció més que cap mineral allà avall.	Speaker=Lola
		
conv_Tumbleton_Lola4_20	No era una persona gaire oberta en Joe.	Speaker=Lola
		
# ------ YOU'VE ENTERED Old World		
conv_Tumbleton_Cranky5_00	O sigui que t’has endinsat a Old World? És un lloc fosc i traïdor.	Speaker=Cranky
conv_Tumbleton_Cranky5_01	També has netejat aquell vell tub pneumàtic?	Speaker=Cranky
conv_Tumbleton_Cranky5_02	Més fiable què aquelles andròmines que brillen.	Speaker=Cranky
conv_Tumbleton_Cranky5_03	Però vés amb compte quan exploris per allà.	Speaker=Cranky
conv_Tumbleton_Cranky5_04	Els Brillants poden ser força perillosos.	Speaker=Cranky
conv_Tumbleton_Cranky5_05	Realment no és el millor lloc per posar una mina.	Speaker=Cranky
conv_Tumbleton_Cranky5_06	Bé, tampoc podem escollir on trobem un bon dipòsit, oi?	Speaker=Cranky
		
# ------ YOU'VE FOUND THE FIRST UPGRADE IN Old World		
conv_Tumbleton_Dorothy6_00	Com més andròmines d’aquestes trobes més clar ho tinc.	Speaker=Dorothy
conv_Tumbleton_Dorothy6_01	El teu oncle les va deixar per a propòsit perquè les trobessis.	Speaker=Dorothy
conv_Tumbleton_Dorothy6_02	Com un camí de molles de pa preparat perquè el seguissis.	Speaker=Dorothy
conv_Tumbleton_Dorothy6_03	Preparant-te per alguna cosa.	Speaker=Dorothy
		
conv_Tumbleton_Dorothy6_20	Sabia que hi hauria tresors a Old World.	Speaker=Dorothy
conv_Tumbleton_Dorothy6_21	Encara hi ha molt per cavar allà, eh?	Speaker=Dorothy
conv_Tumbleton_Dorothy6_22	Estàs progressant.	Speaker=Dorothy
conv_Tumbleton_Dorothy6_23	Aquests nous minerals seran fantàstics pel creixement de la ciutat.	Speaker=Dorothy
		
conv_Tumbleton_Cranky6_00	Encara hi ha un escàs rastre dels Brillants aquí dalt.	Speaker=Cranky
conv_Tumbleton_Cranky6_01	Veient com és la humanitat avui dia em costa compartir les creences del teu oncle.	Speaker=Cranky
conv_Tumbleton_Cranky6_02	Ell deia que els Brillants van prendre part en el naixement del primer Steambot.	Speaker=Cranky
conv_Tumbleton_Cranky6_03	Si fos cert, que serien capaços de fer en aquella època?	Speaker=Cranky
		
conv_Tumbleton_Lola6_00	No he vist un Brillant aquí des dels temps de la guerra.	Speaker=Lola
conv_Tumbleton_Lola6_01	Són bojos i perillosos. I a sobre imprevisibles.	Speaker=Lola
conv_Tumbleton_Lola6_02	Bé, s’assemblen a la majoria dels meus mecenes.	Speaker=Lola
		
conv_Tumbleton_Lola6_20	Aquests Brillants... No són gaire diferents de nosaltres.	Speaker=Lola
		
conv_Tumbleton_Biff6_00	Aquell vell miner estrany que cavava aquí abans que tu.	Speaker=Biff
conv_Tumbleton_Biff6_01	Sempre feia comandes per coses estranyes.	Speaker=Biff
conv_Tumbleton_Biff6_02	Trastos inútils com tubs de coure torçats i altres.	Speaker=Biff
		
# ------ YOU'VE FOUND THE SECOND UPGRADE IN Old World		
conv_Tumbleton_Dorothy7_00	Arribaràs al final d’Old World ben aviat.	Speaker=Dorothy
conv_Tumbleton_Dorothy7_01	El final del camí ha de ser a prop.	Speaker=Dorothy
conv_Tumbleton_Dorothy7_02	Saps, a sota d’Old World fa massa calor per als Steambots per a poder minar.	Speaker=Dorothy
		
conv_Tumbleton_Dorothy7_20	Arribaràs al fons ben aviat.	Speaker=Dorothy
conv_Tumbleton_Dorothy7_21	Encara segueixes?	Speaker=Dorothy
conv_Tumbleton_Dorothy7_22	Fins a quin punt creus que s’estén Old World?	Speaker=Dorothy
conv_Tumbleton_Dorothy7_23	Pots notar la calor allà avall?	Speaker=Dorothy
		
conv_Tumbleton_Cranky7_00	Porto dirigint aquesta botiga tota la meva vida.	Speaker=Cranky
conv_Tumbleton_Cranky7_01	La tecnologia no evoluciona fent bots i salts.	Speaker=Cranky
conv_Tumbleton_Cranky7_02	És gradual. Un invent permet el següent.	Speaker=Cranky
conv_Tumbleton_Cranky7_03	No com les coses que trobes allà avall.	Speaker=Cranky
conv_Tumbleton_Cranky7_04	M’espanta una mica, sincerament.	Speaker=Cranky
conv_Tumbleton_Cranky7_05	Però no dic que siguin inútils, eh.	Speaker=Cranky
		
conv_Tumbleton_Lola7_00	De tant en tant en Joe s’estava setmanes a la mina.	Speaker=Lola
conv_Tumbleton_Lola7_01	Segur que va arribar molt profund.	Speaker=Lola
conv_Tumbleton_Lola7_02	De vegades ens pensàvem que es quedaria allà per sempre.	Speaker=Lola
conv_Tumbleton_Lola7_03	Ens va demostrar que teníem raó al final, oi?	Speaker=Lola
		
conv_Tumbleton_Lola7_20	És trist saber que en Joe ha marxat per sempre.	Speaker=Lola
conv_Tumbleton_Lola7_21	Tot i això crec que ell volia acabar els seus dies a la mina.	Speaker=Lola
		
conv_Tumbleton_Biff7_00	Preparat per un altre viatge a fer túnels, noiet?	Speaker=Biff
conv_Tumbleton_Biff7_01	Abans, en temps de guerra entrava d’amagatotis amb els meus amics per veure qui era més valent.	Speaker=Biff
conv_Tumbleton_Biff7_02	Alguns quan tornaven contaven històries de llums brillants a la foscor.	Speaker=Biff
conv_Tumbleton_Biff7_03	Segurament intentaven espantar-nos amb històries de por.	Speaker=Biff
conv_Tumbleton_Biff7_04	En canvi, no sembla que et facin gaire por els fantasmes a tu.	Speaker=Biff
		
# ------ YOU'VE FOUND THE LAST UPGRADE IN Old World AND ENTERED VECTRON.		
conv_Tumbleton_Dorothy8_00	Què?! La mina és encara més profunda?	Speaker=Dorothy
conv_Tumbleton_Dorothy8_01	I tens gel a la teva armadura? Com és possible?	Speaker=Dorothy
conv_Tumbleton_Dorothy8_02	Se suposa que l’única cosa que hauria d’haver-hi a aquella profunditat és roca fosa.	Speaker=Dorothy
conv_Tumbleton_Dorothy8_03	Si us plau, vés amb compte.	Speaker=Dorothy
conv_Tumbleton_Dorothy8_04	Alguna cosa ha d’estar glaçant la terra.	Speaker=Dorothy
conv_Tumbleton_Dorothy8_05	Hauries d’explorar el que sigui que hi ha allà.	Speaker=Dorothy
		
conv_Tumbleton_Dorothy8_20	Cuida’t allà avall.	Speaker=Dorothy
conv_Tumbleton_Dorothy8_21	Això és molt valuós.	Speaker=Dorothy
conv_Tumbleton_Dorothy8_22	Utilitzarem això molt bé.	Speaker=Dorothy
conv_Tumbleton_Dorothy8_23	No ho entenc, hauria de fer una calor impressionant allà avall.	Speaker=Dorothy
		
conv_Tumbleton_Cranky8_00	No tenia ni idea que hi havia una altra canonada més avall.	Speaker=Cranky
conv_Tumbleton_Cranky8_01	Almenys això demostra que el teu oncle va arribar molt avall.	Speaker=Cranky
conv_Tumbleton_Cranky8_02	Potser fins i tot arribes a trobar la font de coneixement d’en Joe allà.	Speaker=Cranky
conv_Tumbleton_Cranky8_03	Però hauràs de caminar amb compte. Això és molt estrany.	Speaker=Cranky
conv_Tumbleton_Cranky8_04	No només has obert el camí cap avall, saps?	Speaker=Cranky
		
conv_Tumbleton_Lola8_00	Ets molt més jove que en Joe, i ell no estava tant bé.	Speaker=Lola
conv_Tumbleton_Lola8_01	Malgrat això, desitjo que estiguis preparat pel que sigui que et trobis.	Speaker=Lola
conv_Tumbleton_Lola8_02	Bona sort.	Speaker=Lola
		
conv_Tumbleton_Lola8_20	Sembles preparat pel que sigui.	Speaker=Lola
		
conv_Tumbleton_Biff8_00	Jo penso que com més profund cavis, millor per tothom.	Speaker=Biff
conv_Tumbleton_Biff8_01	Deixa’t de preocupacions i vola com un ocellet.	Speaker=Biff
conv_Tumbleton_Biff8_02	Yihaa!	Speaker=Biff
		
# ------ YOU'VE FOUND THE MINIMAP; YOU'VE BROKEN THROUGH THE FIRST BARRIER.		
conv_Tumbleton_Dorothy9_00	Que hi ha éssers vius allà avall?	Speaker=Dorothy
conv_Tumbleton_Dorothy9_01	I què són?	Speaker=Dorothy
conv_Tumbleton_Dorothy9_02	Animals? Creus que són tan llestos?	Speaker=Dorothy
		
conv_Tumbleton_Dorothy9_20	Això està molt bé.	Speaker=Dorothy
conv_Tumbleton_Dorothy9_21	Això ens serà molt útil.	Speaker=Dorothy
conv_Tumbleton_Dorothy9_22	Això té un molt bon preu.	Speaker=Dorothy
conv_Tumbleton_Dorothy9_23	Has esbrinat alguna cosa sobre els éssers que hi ha allà avall?	Speaker=Dorothy
		
conv_Tumbleton_Cranky9_00	Això és encara més estrany que la tecnologia que has anat trobant fins ara.	Speaker=Cranky
conv_Tumbleton_Cranky9_01	No em sona cap component d’aquesta cosa. Una força estranya fa que funcioni.	Speaker=Cranky
conv_Tumbleton_Cranky9_02	La resta de coses senzillament eren tecnologia de vapor avançada.	Speaker=Cranky
conv_Tumbleton_Cranky9_03	Això és molt més diferent. Ni tan sols se que sé suposa que fa.	Speaker=Cranky
conv_Tumbleton_Cranky9_04	Crec que li diré... Electricitat.	Speaker=Cranky
		
conv_Tumbleton_Lola9_00	Totes aquestes eines que trobes segur que et fan la feina molt més fàcil.	Speaker=Lola
conv_Tumbleton_Lola9_01	Però cuida també el teu interior. Un cor pur és igual d’important.	Speaker=Lola
		
conv_Tumbleton_Lola9_20	Cuida el teu cor de vapor.	Speaker=Lola
		
conv_Tumbleton_Biff9_00	Sí, no tenim gaire coneixement sobre què hi ha allà avall.	Speaker=Biff
conv_Tumbleton_Biff9_01	Tot i això paga la pena explorar. Has trobat coses fantàstiques de moment, camarada.	Speaker=Biff
conv_Tumbleton_Biff9_02	Com sempre dic; a cavall de vapor regalat, no li mires el dentat.	Speaker=Biff; A Steambot version of the saying: Never look a gift horse in the mouth. The meaning is that you should not complain over things you've gotten for free.
		
conv_Tumbleton_Dandy9_00	Per què carai voldria algú habitar un lloc tan profund?	Speaker=Dandy
conv_Tumbleton_Dandy9_01	Amb tanta brutícia i tan fosc.	Speaker=Dandy
conv_Tumbleton_Dandy9_02	S’ha de ser una mica ximple, no creus?	Speaker=Dandy
		
		
# ------ YOU'VE FOUND THE STATIC DASH. 		
conv_Tumbleton_Dorothy10_00	Ja ets més parts noves que no pas velles.	Speaker=Dorothy
conv_Tumbleton_Dorothy10_01	Quantes més pots portar?	Speaker=Dorothy
conv_Tumbleton_Dorothy10_02	Em pregunto que tenia al cap en Joe, deixant-te la mina...	Speaker=Dorothy
conv_Tumbleton_Dorothy10_03	Preparant les coves...	Speaker=Dorothy
		
conv_Tumbleton_Dorothy10_20	Realment et veus diferent ara.	Speaker=Dorothy
conv_Tumbleton_Dorothy10_21	Encara hi ha més per minar allà avall?	Speaker=Dorothy
conv_Tumbleton_Dorothy10_22	Bon botí!	Speaker=Dorothy
conv_Tumbleton_Dorothy10_23	Aquesta és un mineral molt poc comú.	Speaker=Dorothy
		
conv_Tumbleton_Cranky10_00	La tecnologia pel seu compte no és perillosa.	Speaker=Cranky
conv_Tumbleton_Cranky10_01	Com la fem servir és el que la defineix.	Speaker=Cranky
conv_Tumbleton_Cranky10_02	Dit això, aquestes coses que em portes m’inquieten.	Speaker=Cranky
conv_Tumbleton_Cranky10_03	Si no saps com funciona, no coneixes les conseqüències.	Speaker=Cranky
		
conv_Tumbleton_Lola10_00	Has canviat força des que vas arribar aquí per primer cop.	Speaker=Lola
conv_Tumbleton_Lola10_01	Si es necessiten tots aquests complements per arribar tant fons, com s’ho va fer en Joe?	Speaker=Lola
conv_Tumbleton_Lola10_02	Cavar tan avall en la seva condició. No m’estranya que no pogués tornar.	Speaker=Lola
		
conv_Tumbleton_Lola10_20	Ets com un nou bot!	Speaker=Lola
		
conv_Tumbleton_Biff10_00	Em recordes a unes quantes persones que he conegut al món.	Speaker=Biff
conv_Tumbleton_Biff10_01	Ja et puc dir que cap miner que hagi vist mai tenia aquestes pintes.	Speaker=Biff
conv_Tumbleton_Biff10_02	Més aviat sembles un soldat, camarada.	Speaker=Biff
		
conv_Tumbleton_Dandy10_00	Tens bon aspecte, company.	Speaker= Dandy
conv_Tumbleton_Dandy10_01	Nou i atrevit.	Speaker=Dandy
conv_Tumbleton_Dandy10_02	És bo veure un canvi de moda per aquí.	Speaker= Dandy
		
# ------ DOROTHY SENDS YOU TO DESTROY GENERATORS.		
conv_Tumbleton_Dorothy11_00	Aquella porta potser amaga el motiu pel qual has vingut aquí.	Speaker=Dorothy
conv_Tumbleton_Dorothy11_01	Si hi han tres barreres, han d’haver-hi tres generadors, oi?	Speaker=Dorothy
conv_Tumbleton_Dorothy11_02	Hauràs de localitzar-los.	Speaker=Dorothy
conv_Tumbleton_Dorothy11_03	I si també dones una ullada a les capes superiors?	Speaker=Dorothy
conv_Tumbleton_Dorothy11_04	Potser és el que ha estat alterant les criatures?	Speaker=Dorothy
		
conv_Tumbleton_Dorothy11_20	Encara no has trobat els generadors?	Speaker=Dorothy
conv_Tumbleton_Dorothy11_21	Ets com una màquina minera. Literalment.	Speaker=Dorothy
conv_Tumbleton_Dorothy11_22	Em pregunto què hi ha darrere aquella porta?	Speaker=Dorothy
		
		
conv_Tumbleton_Cranky11_00	No tenim cap manera d’esbrinar què és el que amaga aquella porta.	Speaker=Cranky
conv_Tumbleton_Cranky11_01	Potser en Joe volia que l’obrissis? I per això et va deixar la mina.	Speaker=Cranky
conv_Tumbleton_Cranky11_02	Potser hi ha alguna mena de poder horripilant a l’altra banda.	Speaker=Cranky
		
conv_Tumbleton_Lola11_00	Em pregunto com s’ho va fer en Joe per fer tot això tot sol.	Speaker=Lola
		
conv_Tumbleton_Lola11_20	Com s’ho va fer aquell iaio per aconseguir tot això?	Speaker=Lola
		
conv_Tumbleton_Biff11_00	Aquella porta pot ser el camí cap a riqueses inimaginables.	Speaker=Biff
conv_Tumbleton_Biff11_01	Minerals formant els materials més meravellosos.	Speaker=Biff
		
conv_Tumbleton_Dandy11_00	Déu meu! Mira aquella floreta que porta els intercanvis.	Speaker= Dandy
conv_Tumbleton_Dandy11_01	Una mica pot sofisticada potser...	Speaker=Dandy
conv_Tumbleton_Dandy11_02	Però, amb pòmuls com aquells, només li cal polir-se una mica.	Speaker= Dandy
conv_Tumbleton_Dandy11_03	Al final potser sí que puc adaptar aquest lloc a la societat actual.	Speaker= Dandy
		
# ------ YOU DESTROYED THE OTHER GENERATORS IN Old World AND ARCHAEA; DOOR IS OPEN.		
conv_Tumbleton_Dorothy12_00	Sembla que estàs ben llest.	Speaker=Dorothy
conv_Tumbleton_Dorothy12_01	No hi ha cap motiu per esperar més.	Speaker=Dorothy
conv_Tumbleton_Dorothy12_02	Vés i obre la porta.	Speaker=Dorothy
		
conv_Tumbleton_Dorothy12_20	Obre la porta.	Speaker=Dorothy
conv_Tumbleton_Dorothy12_21	Aviat sabràs que maquinava el teu oncle.	Speaker=Dorothy
		
conv_Tumbleton_Cranky12_00	Ara la decisió és a les teves mans, noi.	Speaker=Cranky
conv_Tumbleton_Cranky12_01	Espero que estiguis llest pel que hi hagi darrera d’aquella porta.	Speaker=Cranky
		
		
# ------ BOSS FIGHT!		
Rusty_defies_boss01_00	*BZZT*	Speaker=Nobody
Rusty_defies_boss01_01	*BZZZ, BZZZZZZZZZ*	Speaker=Nobody
Rusty_defies_boss01_02	*BZZT*	Speaker=Nobody
		
Rusty_defies_boss01_03	BENVINGUT A VECTRON... *BZZT*	Speaker=Nobody
Rusty_defies_boss01_04	RUSTY.	Speaker=Nobody
		
Rusty_defies_boss01_05	...	Speaker=Rusty
Rusty_defies_boss01_06	Joe?	Speaker=Rusty
Rusty_defies_boss01_07	Et veus diferent.	Speaker=Rusty
		
Rusty_defies_boss01_08	MITJANÇANT L’ESTUDI D’AQUESTS VOLTBOTS HE APRÉS COM DESFER-ME DE LA MEVA FEBLE CARCASSA.	Speaker=Joe
Rusty_defies_boss01_09	COM ELS STEAMBOTS, SÓN FILLS DE LA HUMANITAT.	Speaker=Joe
Rusty_defies_boss01_10	LA INGENUÏTAT DELS SEUS CONSTRUCTORS ÉS INCREÏBLE.	Speaker=Joe
Rusty_defies_boss01_11	ELS STEAMBOTS NO SÓN DIGNES HEREUS DE LA SUPERFÍCIE.	Speaker=Joe
Rusty_defies_boss01_12	ARA QUE HAS SEGUIT EL MATEIX CAMÍ QUE JO, TAMBÉ ETS UN VOLTBOT.	Speaker=Joe
Rusty_defies_boss01_13	TAN AVIAT COM EL MEU COS ESTIGUI COMPLERT... \n*BZZT* ENS REBEL·LAREM!	Speaker=Joe
		
Rusty_defies_boss01_14	Bé, això ha sigut... original.	Speaker=Rusty
Rusty_defies_boss01_15	Em sap greu, mentre jo sigui dempeus no arribaràs a la superfície.	Speaker=Rusty
		
Rusty_defies_boss01_16	EL TEU FEBLE COR DE STEAMBOT SERÀ LA TEVA PERDICIÓ.	Speaker=Joe
		
Rusty_defies_boss01_20	*BZZZZZZZZZZT*	Speaker=Joe
		
# ------ BOSS FIGHT 2!		
Rusty_defies_boss02_07	PART D’EN JOE HABITA EL NOSTRE NOU COS. ES VA UNIR A NOSALTRES PER VOLUNTAT PRÒPIA.	Speaker=Joe
Rusty_defies_boss02_08	I AVIAT TU TAMBÉ. NECESSITEM UN COR REAL.	Speaker=Joe
Rusty_defies_boss02_09	T’HEM PREPARAT. T’HEM LLIURAT DE LA TEVA FEBLE CARCASSA DE STEAMBOT.	Speaker=Joe
Rusty_defies_boss02_10	ARA ETS MÉS PART DE NOSALTRES QUE NO PAS DE TU MATEIX.	Speaker=Joe
Rusty_defies_boss02_11	*BZZT* SEREM INVENCIBLES! ELS VOLTBOTS ENS ALÇAREM I GOVERNAREM EL MÓN.	Speaker=Joe
		
Rusty_defies_boss02_12	M’has preparat, això és cert. Ara estic llest per aturar-te.	Speaker=Rusty
		
Rusty_defies_boss02_13	AQUÍ HI HA EL COR QUE NECESSITEM. SI NO ENS EL DONES VOLUNTÀRIAMENT...	Speaker=Joe
		
# ------ EPILOGUE		
conv_Epilogue_00	Apa, ja ho tenim. Heus aquí la meva obra mestre!	Speaker=Dandy
		
conv_Epilogue_01	Què... Pensava que seria una estàtua d’en Rusty.	Speaker=Lola
conv_Epilogue_02	Al cap i a la fi ell és qui va salvar aquesta ciutat d’aquells dimonis.	Speaker=Lola
conv_Epilogue_03	I no això...	Speaker=Lola
conv_Epilogue_04	I que se suposa què és? Un mico de ferro?	Speaker=Lola
		
conv_Epilogue_05	*Aix* No és obvi?	Speaker=Dandy
conv_Epilogue_06	És l’abstracció d’un Steambot destructible adquirint la divinitat.	Speaker=Dandy
		
conv_Epilogue_07	S’assembla una mica al meu pobre pare... després que l’atropelles un tren de càrrega.	Speaker=Cranky
conv_Epilogue_07b	Al cel sia la seva ànima.	Speaker=Cranky
		
conv_Epilogue_08	Les meves sensibilitats per les coses més refinades de la vida ja no treuen cap profit aquí.	Speaker=Dandy
conv_Epilogue_09	Sense en Rusty, aquest lloc ha perdut tota la seva classe.	Speaker=Dandy
		
conv_Epilogue_10	I per què ens cal aquest monument?	Speaker=Dorothy
conv_Epilogue_11	Encara no hem fet una bona recerca allà avall.	Speaker=Dorothy
		
conv_Epilogue_12	Ja fa un més que no el trobem, filla.	Speaker=Cranky
conv_Epilogue_13	El cataclisme que va ocórrer va destruir tot el que hi havia a sota d’Old World.	Speaker=Cranky
conv_Epilogue_14	No queda res més que runes.	Speaker=Cranky
		
conv_Epilogue_15	Hauries de centrar-te en el futur, noia.	Speaker=Lola
conv_Epilogue_16	Excavar aquells túnels no és feina apropiada per una noia tan jove.	Speaker=Lola
		
conv_Epilogue_17	Res va sortir d’aquella explosió amb vida, filla.	Speaker=Cranky
		
conv_Epilogue_18	Au, va! Aquesta noia no pot ser l’única amb una mica de cap.	Speaker=Biff
conv_Epilogue_19	Jo també el trobo a faltar. Era un molt bon amic.	Speaker=Biff
conv_Epilogue_20	*Sniff* Encara recordo el primer cop que va entrar a la meva botiga...	Speaker=Biff
conv_Epilogue_20b	Era dimarts...	Speaker=Biff
		
conv_Epilogue_21	Au calma’t, home.	Speaker=Dandy
		
conv_Epilogue_22	No pot senzillament haver-se evaporat, oi?	Speaker=Dorothy
conv_Epilogue_23	Ell encara és allà avall. Senzillament ho sé.	Speaker=Dorothy
conv_Epilogue_24	Seguiré buscant.	Speaker=Dorothy
conv_Epilogue_25	Per bé o per mal, el trobaré.	Speaker=Dorothy
		
# ------ POST-3DS RELEASE		
menu_skip	Ometre	Ask the user whether to skip a dialogue / cutscene.
menu_credits	Crèdits	
menu_options	Opcions	
menu_buy	Comprar	
menu_exit	Sortir	
menu_profiles_title	Seleccionar Perfil	
menu_confirm_quit	Segur que vols parar de cavar?	
		
ui_shoptitle_Cranky	Millores d’en Cranky	The name of Cranky's shop. Same as the in-game graphics.
ui_shoptitle_Jack	Rebaixes Personalitzades	The name of Biff's shop. Same as the in-game graphics.
ui_shoptitle_Dandy	Treballs Excel·lents	The name of Dandy's shop. Same as the in-game graphics.
		
help_weapon_use	Atacar	Use your main weapon.
help_weapon_change	Canviar Arma	Change your main weapon.
help_tool_use	Utilitzar Eina	Use your active tool/item
help_tool_change	Canviar Eina	Change your active tool/item
help_inventory	Inventari	Toggle the inventory menu.
help_discard	Llançar	Discard the selected item. I.e. throw away.
		
menu_back	Enrere	
		
walk_text	Caminar	Displayed in combination with on-screen graphics explaining how to walk.
jump_text	Saltar	Displayed in combination with on-screen graphics explaining how to jump.
		
vsync	Sincronització Vertical	Displayed in options
		
brightness	Brillantor del món	Displayed in options
		
fullscreen	Pantalla Sencera	Displayed in options
		
bloom	Bloom	Displayed in options
		
language	Llengua	Displayed in options
		
ui_game_over_info_cave	T’han Destruït	Shown in a text box when having died in a cave. Here there's no fee.
ui_language	Llengua	Button in Options menu leading to a separate screen, for selecting language.
		
menu_options_version	Versió: %1%	Displays the current version of the game in the s-e corner in options
		
# ------ POST-STEAM RELEASE		
		
default_controls_text	Controls per defecte	
		
ui_video	Gràfics	Displayed in options
ui_audio	Só	Displayed in options
ui_controls	Controls	Displayed in options
ui_default_controls_confirmation	Restaurar els controls per defecte eliminarà qualsevol opció personalitzada que prèvia. N’estàs segur?	
ui_bind_controls	Pitja un botó per vincular-lo a:\n%1%	Shown in a confirmation dialog when the player wants to bind a new button to an action. After the colon is the name of the action.
		
controls_actions	Accions:	Displayed in options, controls
controls_keybindings	Botons:	Displayed in options, controls
controls_more_bindings	...	Displayed in options, controls
		
button_move_up	Mirar amunt / Escalar	
button_move_down	Mirar avall / Escalar	
button_move_left	Esquerra	
button_move_right	Dreta	
button_activate	Interactuar	
button_jump	Saltar	
button_attack	Atacar	
button_run	Córrer	
button_use_tool	Utilitzar Eina	
button_cycle_weapon	Canviar Arma	
button_cycle_tool	Canviar Eina	
button_weapon_1	Seleccionar Pic	
button_weapon_2	Seleccionar Trepant	
button_weapon_3	Seleccionar Puny de Vapor	
button_inventory	Mostrar Inventari	
button_discard	Llançar Material	
button_pause	Fer Pausa	
button_skip	Ometre conversació	
		
ui_reset_settings	Restaurar Configuració	
ui_default_settings_confirmation	Segur que vols restaurar la configuració per defecte?\n(Les vostres partides no es danyaran)	
		
		
		
# ---------------- PlayStation		
		
uiscale	Mida de la Interfície	Displayed in Video options. User Interface / UI / GUI size.
uioffset	Posició de la Interfície	Displayed in Video options. User Interface / UI / GUI position offset.
		
help_exit	Sortir	Displayed in shop menu. Try to keep short.
help_shop_buy	Comprar	Displayed in shop menu. Try to keep short.
		
savedata_broken	Les dades desades no s’han desat bé i seran sobreescrites.	
